insert into Course (id, name,description) values (1, 'SDT','Software Development Trainee')

insert into Subject (id,name,description,course) values (1,'Object-Oriented','Object-Oriented',1)
insert into Subject (id,name,description,course) values (2,'Java','Java',1)
insert into Subject (id,name,description,course) values (3,'JDBC','JDBC',1)
insert into Subject (id,name,description,course) values (4,'Hibernate','Hibernate',1)
insert into Subject (id,name,description,course) values (5,'HTML + CSS','HTML + CSS',1)
insert into Subject (id,name,description,course) values (6,'Servlet + JSP','Servlet + JSP',1)
insert into Subject (id,name,description,course) values (7,'Spring','Spring',1)
insert into Subject (id,name,description,course) values (8,'Javascript + Json','Javascript + Json',1)
insert into Subject (id,name,description,course) values (9,'ExtJS','ExtJS',1)
insert into Subject (id,name,description,course) values (10,'SVN','SVN',1)
insert into Subject (id,name,description,course) values (11,'SQL','SQL',1)


insert into Topic (id,name,description,subject) values (1,'Abstraction','C Understand abstraction concept.',1)
insert into Topic (id,name,description,subject) values (2,'Encapsulation','C Understand encapsulation concept.',1)
insert into Topic (id,name,description,subject) values (3,'Inheritance','C Understand inheritance concept.',1)
insert into Topic (id,name,description,subject) values (4,'Polymorphism','C Understand polymorphism concept.',1)
insert into Topic (id,name,description,subject) values (5,'Declaration & Access control','C Can declare variable and class in java.',2)
insert into Topic (id,name,description,subject) values (6,'Assignments','B Understand default value of variable, scope of variable wrapper class.',2)
insert into Topic (id,name,description,subject) values (7,'Operators','C Understand and can use basic operator ( =, ==, !=, <,>,>=,<=, +=,-=,*=,/=,++,--).',2)
insert into Topic (id,name,description,subject) values (8,'Flow Control - Exceptions','C Understand the mechanism of  condition statement such as If...else, switch and every type of loop',2)
insert into Topic (id,name,description,subject) values (9,'Strings - IO - Formatting - Parsing','C Understand and know how to use java I/O, Serialize concept, Date, Number, and Currency.',2)
insert into Topic (id,name,description,subject) values (10,'Generics and Collections','C Understand collection hierarchy and can use collection in real life.',2)
insert into Topic (id,name,description,subject) values (11,'Annotation','C Understand benefit of annotation.',2)
insert into Topic (id,name,description,subject) values (12,'JDBC Introduction','A Understand What is JDBC?',3)
insert into Topic (id,name,description,subject) values (13,'JDBC Connection and DataSource','B Establishing a Connection with DriverManager.',3)
insert into Topic (id,name,description,subject) values (14,'Statement','C Understand type of statement.',3)
insert into Topic (id,name,description,subject) values (15,'ResultSet API','C Understand What is ResultSet?',3)
insert into Topic (id,name,description,subject) values (16,'PreparedStatement API','C Understand benefit of Prepared Statement.',3)
insert into Topic (id,name,description,subject) values (17,'JDBC Transaction','C Understand Database Transaction',3)
insert into Topic (id,name,description,subject) values (18,'Calling Stored Procedure from JDBC','C Understand What is Store Procedure and What is Callable Statement do?',3)
insert into Topic (id,name,description,subject) values (19,'ORM Concepts','A Understand What is ORM ?',4)
insert into Topic (id,name,description,subject) values (20,'Hibernate XML Mapping','C Understand hibernate XML mapping.',4)
insert into Topic (id,name,description,subject) values (21,'Hibernate Relationship','C Understand data relationship. (1-1, 1-*, *-1, *-*).',4)
insert into Topic (id,name,description,subject) values (22,'Query data by Hibernate','C Can use Criteria class for query data , Can use Projection Class for aggregate function ',4)
insert into Topic (id,name,description,subject) values (23,'Manipulate Data with Hibernate','C Can Insert, Update, Delete data with HibernateTemplate.',4)
insert into Topic (id,name,description,subject) values (24,'Hiberbate annotation','C Understand How to config hibernate mapping by annotation.',4)
insert into Topic (id,name,description,subject) values (25,'Detach Criteria','C Can use detached criteria to Query Data from database.',4)
insert into Topic (id,name,description,subject) values (26,'HQL','B Can Insert, Update and Delete data with HQL.',4)
insert into Topic (id,name,description,subject) values (27,'Sub Query','C Understand and Can write sub query in HQL.',4)
insert into Topic (id,name,description,subject) values (28,'HTML','C Can create simple static webpage (image,table,link,button,form)',5)
insert into Topic (id,name,description,subject) values (29,'XHTML Syntax','A Understand xhtml standard coding and know how to use it.',5)
insert into Topic (id,name,description,subject) values (30,'CSS Font, Color, Size','B Can use style sheet to set font, color and size in web page.',5)
insert into Topic (id,name,description,subject) values (31,'CSS Position, Box Model, Display','C Understand and can use static,  relative, absolute, fixed position in each situation.',5)
insert into Topic (id,name,description,subject) values (32,'MVC Concept','C Understand MVC Concept. ',6)
insert into Topic (id,name,description,subject) values (33,'Sevlet Container','C Install and config tomcat port ',6)
insert into Topic (id,name,description,subject) values (34,'Servlet & JSP','C Understand concept of Servlet (GET,POST) & JSP ',6)
insert into Topic (id,name,description,subject) values (35,'HttpSession and Cookies','C Understand HttpSession and Cookies concept. ',6)
insert into Topic (id,name,description,subject) values (36,'JSTL','A Can use JSTL core(c tag), function(fn tag). ',6)
insert into Topic (id,name,description,subject) values (37,'Tag Files','C Understand the benefit of Tag Files. ',6)
insert into Topic (id,name,description,subject) values (38,'Spring Configuration','C Can create new bean configuration. ',7)
insert into Topic (id,name,description,subject) values (39,'Hibernate with Spring Framework','B Can config Hibernate to use with Spring Framework. ',7)
insert into Topic (id,name,description,subject) values (40,'Spring Annotations','C Can configuration Spring by annotation ',7)
insert into Topic (id,name,description,subject) values (41,'Spring MVC','C Can config & create Simple Web Application by Spring ',7)
insert into Topic (id,name,description,subject) values (42,'Apache Tiles','B Can create new view in tile configuration. ',7)
insert into Topic (id,name,description,subject) values (43,'Spring Message Source','B Can add more message to message file. ',7)
insert into Topic (id,name,description,subject) values (44,'Spring Tags','C Can use spring message. ',7)
insert into Topic (id,name,description,subject) values (45,'Javascript syntax','A Understand Javascript syntax and scope of variable ',8)
insert into Topic (id,name,description,subject) values (46,'Javascript Functions','C Understand and know basic Javascript function. ',8)
insert into Topic (id,name,description,subject) values (47,'Javascript Event','B Can use javascript event. ',8)
insert into Topic (id,name,description,subject) values (48,'JSON','B Understand benefit of JSON. ',8)
insert into Topic (id,name,description,subject) values (49,'DOM','B Use javascript access dom element. ',8)
insert into Topic (id,name,description,subject) values (50,'Form (Textfield, Datefield, Button)','A Can use form(Textfield, Datefield, Button) component. ',9)
insert into Topic (id,name,description,subject) values (51,'Combo box (ExtJS combobox, Softsquare combobox)','B Can use ExtJS ComboBox and Softsquare ComboBox ',9)
insert into Topic (id,name,description,subject) values (52,'Dialog, Window, Field set, Panel, Message box','A Can use ExtJS Dialog, Window, Field set, Panel, Message box ',9)
insert into Topic (id,name,description,subject) values (53,'Grid','C Can use ExtJS Editor Grid Panel and Softsquare Editor Grid Panel. ',9)
insert into Topic (id,name,description,subject) values (54,'Tab','B Can use ExtJS TabPanel. ',9)
insert into Topic (id,name,description,subject) values (55,'Tree','B Can use ExtJS tree. ',9)
insert into Topic (id,name,description,subject) values (56,'SVN','C Understand advantage and concept of SVN and how to synchronize document from SVN. ',10)
insert into Topic (id,name,description,subject) values (57,'SQL Statement','B Can use DML , Query from multiple table and oracle buildin function. ',11)
insert into Topic (id,name,description,subject) values (58,'PL/SQL','B Can create stored procedure and function ',11)


insert into  Person (id,name,lastName,gender,email,birthDay,phone,positionName,userName,password) values(1,'Panupong','Chantaklang','Male','panupong_c@softsquaregroup.com','1999-01-01 00:00:00','0825652223','Manager','panupong_c','panupong_c')
insert into  Person (id,name,lastName,gender,email,birthDay,phone,positionName,userName,password) values(2,'Suriya','Eiamerb','Male','suriya_e@softsquaregroup.com','2007-01-03 04:13:43','0918652475','Software Analyst','suriya_e','suriya_e')
insert into  Person (id,name,lastName,gender,email,birthDay,phone,positionName,userName,password) values(3,'Kritchanapak','Jenchaiyapoom','Male','kritchanapak_j@softsquaregroup.com','1989-06-23 00:00:00','0875445661','Software Development','kritchanapak_j','kritchanapak_j');
insert into  Person (id,name,lastName,gender,email,birthDay,phone,positionName,userName,password) values(4,'Kumphol','Praphansanti','Male','kumphol_p@softsquaregroup.com','1984-02-10 00:00:00','0818088525','Software Analyst','kumphol_p','kumphol_p')
insert into  Person (id,name,lastName,gender,email,birthDay,phone,positionName,userName,password) values(5,'Sarawut','Eiamsumang','Male','sarawut_e@softsquaregroup.com','1989-06-03 00:00:00','0839198933','Software Development','sarawut_e','sarawut_e');
insert into  Person (id,name,lastName,gender,email,birthDay,phone,positionName,userName,password) values(6,'Watcharaphong','Ketcharoen','Male','first_jks@hotmail.com','1992-06-21 00:00:00','0832123971','Software Development Trainee','watcharaphong_k','watcharaphong_k');
insert into  Person (id,name,lastName,gender,email,birthDay,phone,positionName,userName,password) values(7,'Thananun','Srimueang','Male','tananun2000@hotmail.com','1992-04-10 00:00:00','0913459036','Software Development Trainee','thananun_s','thananun_s');
insert into  Person (id,name,lastName,gender,email,birthDay,phone,positionName,userName,password) values(8,'Rittichai','Ungkawiriyachod','Male','frenzy_abcz@hotmail.com','1992-07-04 00:00:00','0837272545','Software Development Trainee','rittichai_u','rittichai_u');
insert into  Person (id,name,lastName,gender,email,birthDay,phone,positionName,userName,password) values(9,'Anupat','Ruangsuwan','Male','L3iL3all@hotmail.com','1992-11-24 00:00:00','0872602122','Software Development Trainee','anupat_r','anupat_r');
insert into  Person (id,name,lastName,gender,email,birthDay,phone,positionName,userName,password) values(10,'Aphirat','Nithatsanasat','Male','aphirat.nithatsanasat@gmail.com','1993-01-14 00:00:00','0902156392','Software Development Trainee','aphirat_n','aphirat_n');
insert into  Person (id,name,lastName,gender,email,birthDay,phone,positionName,userName,password) values(11,'Pathawee','Ngoenthai','Male','Pathawee.N@gmail.com','1993-02-24 00:00:00','0857742945','Software Development Trainee','pathawee_n','pathawee_n');
insert into  Person (id,name,lastName,gender,email,birthDay,phone,positionName,userName,password) values(12,'Chagrapong','Keawpradit','Male','chagrapong.k@gmail.com','1992-06-08 00:00:00','0807412586','Software Development Trainee','chagrapong_k','chagrapong_k');

insert into  Enroll (id,person,course)  values(1,2,1) 

insert into Room (id,name,description,courseId,startTime,endTime,status) values (1, 'Watcharapong','Room Java',1,'2014-12-01 09:00:00','2014-12-01 10:00:00','Completed')
insert into Room (id,name,description,courseId,startTime,endTime,status) values (2, 'Thananun','Room Java',1,'2014-12-01 10:00:00','2014-12-01 11:00:00','Testing')
insert into Room (id,name,description,courseId,startTime,endTime,status) values (3, 'Rittichai','Room Java',1,'2014-12-01 11:00:00','2014-12-01 12:00:00','Testing')
insert into Room (id,name,description,courseId,startTime,endTime,status) values (4, 'Anupat','Room Java',1,'2014-12-01 13:00:00','2014-12-01 14:00:00','Testing')
insert into Room (id,name,description,courseId,startTime,endTime,status) values (5, 'Aphirat','Room Assembly',1,'2014-12-01 09:00:00','2014-12-01 10:00:00','Testing')
insert into Room (id,name,description,courseId,startTime,endTime,status) values (6, 'Pathawee','Room Assembly',1,'2014-12-01 10:00:00','2014-12-01 11:00:00','Testing')
insert into Room (id,name,description,courseId,startTime,endTime,status) values (7, 'Chagrapong','Room Assembly',1,'2014-12-01 11:00:00','2014-12-01 12:00:00','Testing')

insert into Participants (id,person,room,role,modulator) values (1,6,1,'examiner',false)
insert into Participants (id,person,room,role,modulator) values (2,2,1,'committee',true)
insert into Participants (id,person,room,role,modulator) values (3,3,1,'committee',false)
insert into Participants (id,person,room,role,modulator) values (4,1,1,'committee',false)
insert into Participants (id,person,room,role,modulator) values (5,7,2,'examiner',false)
insert into Participants (id,person,room,role,modulator) values (6,2,2,'committee',true)
insert into Participants (id,person,room,role,modulator) values (7,3,2,'committee',false)
insert into Participants (id,person,room,role,modulator) values (8,1,2,'committee',false)
insert into Participants (id,person,room,role,modulator) values (9,8,3,'examiner',false)
insert into Participants (id,person,room,role,modulator) values (10,2,3,'committee',true)
insert into Participants (id,person,room,role,modulator) values (11,3,3,'committee',false)
insert into Participants (id,person,room,role,modulator) values (12,1,3,'committee',false)
insert into Participants (id,person,room,role,modulator) values (13,9,4,'examiner',false)
insert into Participants (id,person,room,role,modulator) values (14,2,4,'committee',true)
insert into Participants (id,person,room,role,modulator) values (15,3,4,'committee',false)
insert into Participants (id,person,room,role,modulator) values (16,1,4,'committee',false)
insert into Participants (id,person,room,role,modulator) values (17,10,5,'examiner',false)
insert into Participants (id,person,room,role,modulator) values (18,4,5,'committee',true)
insert into Participants (id,person,room,role,modulator) values (19,5,5,'committee',false)
insert into Participants (id,person,room,role,modulator) values (20,1,5,'committee',false)
insert into Participants (id,person,room,role,modulator) values (21,11,6,'examiner',false)
insert into Participants (id,person,room,role,modulator) values (22,4,6,'committee',true)
insert into Participants (id,person,room,role,modulator) values (23,5,6,'committee',false)
insert into Participants (id,person,room,role,modulator) values (24,1,6,'committee',false)
insert into Participants (id,person,room,role,modulator) values (25,12,7,'examiner',false)
insert into Participants (id,person,room,role,modulator) values (26,4,7,'committee',true)
insert into Participants (id,person,room,role,modulator) values (27,5,7,'committee',false)
insert into Participants (id,person,room,role,modulator) values (28,1,7,'committee',false)

insert into ScoreBoard (id,room,committee,topic,examiner,score,comment) values (1,1,2,1,6,1,'good')
insert into ScoreBoard (id,room,committee,topic,examiner,score,comment) values (2,1,2,2,6,1,'good')
insert into ScoreBoard (id,room,committee,topic,examiner,score,comment) values (3,1,2,3,6,1,'good')
insert into ScoreBoard (id,room,committee,topic,examiner,score,comment) values (4,1,2,4,6,1,'good')
insert into ScoreBoard (id,room,committee,topic,examiner,score,comment) values (5,1,2,5,6,1,'good')
insert into ScoreBoard (id,room,committee,topic,examiner,score,comment) values (6,1,2,6,6,1,'good')
insert into ScoreBoard (id,room,committee,topic,examiner,score,comment) values (7,1,2,7,6,1,'good')
insert into ScoreBoard (id,room,committee,topic,examiner,score,comment) values (8,1,2,8,6,1,'good')
insert into ScoreBoard (id,room,committee,topic,examiner,score,comment) values (9,1,2,9,6,1,'good')
insert into ScoreBoard (id,room,committee,topic,examiner,score,comment) values (10,1,2,10,6,1,'good')
insert into ScoreBoard (id,room,committee,topic,examiner,score,comment) values (11,1,2,11,6,1,'good')
insert into ScoreBoard (id,room,committee,topic,examiner,score,comment) values (12,1,2,12,6,1,'good')
insert into ScoreBoard (id,room,committee,topic,examiner,score,comment) values (13,1,2,13,6,1,'good')
insert into ScoreBoard (id,room,committee,topic,examiner,score,comment) values (14,1,2,14,6,1,'good')
insert into ScoreBoard (id,room,committee,topic,examiner,score,comment) values (15,1,2,15,6,1,'good')
insert into ScoreBoard (id,room,committee,topic,examiner,score,comment) values (16,1,2,16,6,1,'good')
insert into ScoreBoard (id,room,committee,topic,examiner,score,comment) values (17,1,2,17,6,1,'good')
insert into ScoreBoard (id,room,committee,topic,examiner,score,comment) values (18,1,2,18,6,1,'good')
insert into ScoreBoard (id,room,committee,topic,examiner,score,comment) values (19,1,2,19,6,1,'good')
insert into ScoreBoard (id,room,committee,topic,examiner,score,comment) values (20,1,2,20,6,1,'good')
insert into ScoreBoard (id,room,committee,topic,examiner,score,comment) values (21,1,2,21,6,1,'good')
insert into ScoreBoard (id,room,committee,topic,examiner,score,comment) values (22,1,2,22,6,1,'good')
insert into ScoreBoard (id,room,committee,topic,examiner,score,comment) values (23,1,2,23,6,1,'good')
insert into ScoreBoard (id,room,committee,topic,examiner,score,comment) values (24,1,2,24,6,1,'good')
insert into ScoreBoard (id,room,committee,topic,examiner,score,comment) values (25,1,2,25,6,1,'good')
insert into ScoreBoard (id,room,committee,topic,examiner,score,comment) values (26,1,2,26,6,1,'good')
insert into ScoreBoard (id,room,committee,topic,examiner,score,comment) values (27,1,2,27,6,1,'good')
insert into ScoreBoard (id,room,committee,topic,examiner,score,comment) values (28,1,2,28,6,1,'good')
insert into ScoreBoard (id,room,committee,topic,examiner,score,comment) values (29,1,2,29,6,1,'good')
insert into ScoreBoard (id,room,committee,topic,examiner,score,comment) values (30,1,2,30,6,1,'good')
insert into ScoreBoard (id,room,committee,topic,examiner,score,comment) values (31,1,2,31,6,1,'good')
insert into ScoreBoard (id,room,committee,topic,examiner,score,comment) values (32,1,2,32,6,1,'good')
insert into ScoreBoard (id,room,committee,topic,examiner,score,comment) values (33,1,2,33,6,1,'good')
insert into ScoreBoard (id,room,committee,topic,examiner,score,comment) values (34,1,2,34,6,1,'good')
insert into ScoreBoard (id,room,committee,topic,examiner,score,comment) values (35,1,2,35,6,1,'good')
insert into ScoreBoard (id,room,committee,topic,examiner,score,comment) values (36,1,2,36,6,1,'good')
insert into ScoreBoard (id,room,committee,topic,examiner,score,comment) values (37,1,2,37,6,1,'good')
insert into ScoreBoard (id,room,committee,topic,examiner,score,comment) values (38,1,2,38,6,1,'good')
insert into ScoreBoard (id,room,committee,topic,examiner,score,comment) values (39,1,2,39,6,1,'good')
insert into ScoreBoard (id,room,committee,topic,examiner,score,comment) values (40,1,2,40,6,1,'good')
insert into ScoreBoard (id,room,committee,topic,examiner,score,comment) values (41,1,2,41,6,1,'good')
insert into ScoreBoard (id,room,committee,topic,examiner,score,comment) values (42,1,2,42,6,1,'good')
insert into ScoreBoard (id,room,committee,topic,examiner,score,comment) values (43,1,2,43,6,1,'good')
insert into ScoreBoard (id,room,committee,topic,examiner,score,comment) values (44,1,2,44,6,1,'good')
insert into ScoreBoard (id,room,committee,topic,examiner,score,comment) values (45,1,2,45,6,1,'good')
insert into ScoreBoard (id,room,committee,topic,examiner,score,comment) values (46,1,2,46,6,1,'good')
insert into ScoreBoard (id,room,committee,topic,examiner,score,comment) values (47,1,2,47,6,1,'good')
insert into ScoreBoard (id,room,committee,topic,examiner,score,comment) values (48,1,2,48,6,1,'good')
insert into ScoreBoard (id,room,committee,topic,examiner,score,comment) values (49,1,2,49,6,1,'good')
insert into ScoreBoard (id,room,committee,topic,examiner,score,comment) values (50,1,2,50,6,1,'good')
insert into ScoreBoard (id,room,committee,topic,examiner,score,comment) values (51,1,2,51,6,1,'good')
insert into ScoreBoard (id,room,committee,topic,examiner,score,comment) values (52,1,2,52,6,1,'good')
insert into ScoreBoard (id,room,committee,topic,examiner,score,comment) values (53,1,2,53,6,1,'good')
insert into ScoreBoard (id,room,committee,topic,examiner,score,comment) values (54,1,2,54,6,1,'good')
insert into ScoreBoard (id,room,committee,topic,examiner,score,comment) values (55,1,2,55,6,1,'good')
insert into ScoreBoard (id,room,committee,topic,examiner,score,comment) values (56,1,2,56,6,1,'good')
insert into ScoreBoard (id,room,committee,topic,examiner,score,comment) values (57,1,2,57,6,1,'good')
insert into ScoreBoard (id,room,committee,topic,examiner,score,comment) values (58,1,2,58,6,1,'good')

insert into ScoreBoard (id,room,committee,topic,examiner,score,comment) values (59,1,3,1,6,1,'good')
insert into ScoreBoard (id,room,committee,topic,examiner,score,comment) values (60,1,3,2,6,1,'good')
insert into ScoreBoard (id,room,committee,topic,examiner,score,comment) values (61,1,3,3,6,1,'good')
insert into ScoreBoard (id,room,committee,topic,examiner,score,comment) values (62,1,3,4,6,1,'good')
insert into ScoreBoard (id,room,committee,topic,examiner,score,comment) values (63,1,3,5,6,1,'good')
insert into ScoreBoard (id,room,committee,topic,examiner,score,comment) values (64,1,3,6,6,1,'good')
insert into ScoreBoard (id,room,committee,topic,examiner,score,comment) values (65,1,3,7,6,1,'good')
insert into ScoreBoard (id,room,committee,topic,examiner,score,comment) values (66,1,3,8,6,1,'good')
insert into ScoreBoard (id,room,committee,topic,examiner,score,comment) values (67,1,3,9,6,1,'good')
insert into ScoreBoard (id,room,committee,topic,examiner,score,comment) values (68,1,3,10,6,1,'good')
insert into ScoreBoard (id,room,committee,topic,examiner,score,comment) values (69,1,3,11,6,1,'good')
insert into ScoreBoard (id,room,committee,topic,examiner,score,comment) values (70,1,3,12,6,1,'good')
insert into ScoreBoard (id,room,committee,topic,examiner,score,comment) values (71,1,3,13,6,1,'good')
insert into ScoreBoard (id,room,committee,topic,examiner,score,comment) values (72,1,3,14,6,1,'good')
insert into ScoreBoard (id,room,committee,topic,examiner,score,comment) values (73,1,3,15,6,1,'good')
insert into ScoreBoard (id,room,committee,topic,examiner,score,comment) values (74,1,3,16,6,1,'good')
insert into ScoreBoard (id,room,committee,topic,examiner,score,comment) values (75,1,3,17,6,1,'good')
insert into ScoreBoard (id,room,committee,topic,examiner,score,comment) values (76,1,3,18,6,1,'good')
insert into ScoreBoard (id,room,committee,topic,examiner,score,comment) values (77,1,3,19,6,1,'good')
insert into ScoreBoard (id,room,committee,topic,examiner,score,comment) values (78,1,3,20,6,1,'good')
insert into ScoreBoard (id,room,committee,topic,examiner,score,comment) values (79,1,3,21,6,1,'good')
insert into ScoreBoard (id,room,committee,topic,examiner,score,comment) values (80,1,3,22,6,1,'good')
insert into ScoreBoard (id,room,committee,topic,examiner,score,comment) values (81,1,3,23,6,1,'good')
insert into ScoreBoard (id,room,committee,topic,examiner,score,comment) values (82,1,3,24,6,1,'good')
insert into ScoreBoard (id,room,committee,topic,examiner,score,comment) values (83,1,3,25,6,1,'good')
insert into ScoreBoard (id,room,committee,topic,examiner,score,comment) values (84,1,3,26,6,1,'good')
insert into ScoreBoard (id,room,committee,topic,examiner,score,comment) values (85,1,3,27,6,1,'good')
insert into ScoreBoard (id,room,committee,topic,examiner,score,comment) values (86,1,3,28,6,1,'good')
insert into ScoreBoard (id,room,committee,topic,examiner,score,comment) values (87,1,3,29,6,1,'good')
insert into ScoreBoard (id,room,committee,topic,examiner,score,comment) values (88,1,3,30,6,1,'good')
insert into ScoreBoard (id,room,committee,topic,examiner,score,comment) values (89,1,3,31,6,1,'good')
insert into ScoreBoard (id,room,committee,topic,examiner,score,comment) values (90,1,3,32,6,1,'good')
insert into ScoreBoard (id,room,committee,topic,examiner,score,comment) values (91,1,3,33,6,1,'good')
insert into ScoreBoard (id,room,committee,topic,examiner,score,comment) values (92,1,3,34,6,1,'good')
insert into ScoreBoard (id,room,committee,topic,examiner,score,comment) values (93,1,3,35,6,1,'good')
insert into ScoreBoard (id,room,committee,topic,examiner,score,comment) values (94,1,3,36,6,1,'good')
insert into ScoreBoard (id,room,committee,topic,examiner,score,comment) values (95,1,3,37,6,1,'good')
insert into ScoreBoard (id,room,committee,topic,examiner,score,comment) values (96,1,3,38,6,1,'good')
insert into ScoreBoard (id,room,committee,topic,examiner,score,comment) values (97,1,3,39,6,1,'good')
insert into ScoreBoard (id,room,committee,topic,examiner,score,comment) values (98,1,3,40,6,1,'good')
insert into ScoreBoard (id,room,committee,topic,examiner,score,comment) values (99,1,3,41,6,1,'good')
insert into ScoreBoard (id,room,committee,topic,examiner,score,comment) values (100,1,3,42,6,1,'good')
insert into ScoreBoard (id,room,committee,topic,examiner,score,comment) values (101,1,3,43,6,1,'good')
insert into ScoreBoard (id,room,committee,topic,examiner,score,comment) values (102,1,3,44,6,1,'good')
insert into ScoreBoard (id,room,committee,topic,examiner,score,comment) values (103,1,3,45,6,1,'good')
insert into ScoreBoard (id,room,committee,topic,examiner,score,comment) values (104,1,3,46,6,1,'good')
insert into ScoreBoard (id,room,committee,topic,examiner,score,comment) values (105,1,3,47,6,1,'good')
insert into ScoreBoard (id,room,committee,topic,examiner,score,comment) values (106,1,3,48,6,1,'good')
insert into ScoreBoard (id,room,committee,topic,examiner,score,comment) values (107,1,3,49,6,1,'good')
insert into ScoreBoard (id,room,committee,topic,examiner,score,comment) values (108,1,3,50,6,1,'good')
insert into ScoreBoard (id,room,committee,topic,examiner,score,comment) values (109,1,3,51,6,1,'good')
insert into ScoreBoard (id,room,committee,topic,examiner,score,comment) values (110,1,3,52,6,1,'good')
insert into ScoreBoard (id,room,committee,topic,examiner,score,comment) values (111,1,3,53,6,1,'good')
insert into ScoreBoard (id,room,committee,topic,examiner,score,comment) values (112,1,3,54,6,1,'good')
insert into ScoreBoard (id,room,committee,topic,examiner,score,comment) values (113,1,3,55,6,1,'good')
insert into ScoreBoard (id,room,committee,topic,examiner,score,comment) values (114,1,3,56,6,1,'good')
insert into ScoreBoard (id,room,committee,topic,examiner,score,comment) values (115,1,3,57,6,1,'good')
insert into ScoreBoard (id,room,committee,topic,examiner,score,comment) values (116,1,3,58,6,1,'good')

insert into ScoreBoard (id,room,committee,topic,examiner,score,comment) values (117,1,1,1,6,1,'good')
insert into ScoreBoard (id,room,committee,topic,examiner,score,comment) values (118,1,1,2,6,1,'good')
insert into ScoreBoard (id,room,committee,topic,examiner,score,comment) values (119,1,1,3,6,1,'good')
insert into ScoreBoard (id,room,committee,topic,examiner,score,comment) values (120,1,1,4,6,1,'good')
insert into ScoreBoard (id,room,committee,topic,examiner,score,comment) values (121,1,1,5,6,1,'good')
insert into ScoreBoard (id,room,committee,topic,examiner,score,comment) values (122,1,1,6,6,1,'good')
insert into ScoreBoard (id,room,committee,topic,examiner,score,comment) values (123,1,1,7,6,1,'good')
insert into ScoreBoard (id,room,committee,topic,examiner,score,comment) values (124,1,1,8,6,1,'good')
insert into ScoreBoard (id,room,committee,topic,examiner,score,comment) values (125,1,1,9,6,1,'good')
insert into ScoreBoard (id,room,committee,topic,examiner,score,comment) values (126,1,1,10,6,1,'good')
insert into ScoreBoard (id,room,committee,topic,examiner,score,comment) values (127,1,1,11,6,1,'good')
insert into ScoreBoard (id,room,committee,topic,examiner,score,comment) values (128,1,1,12,6,1,'good')
insert into ScoreBoard (id,room,committee,topic,examiner,score,comment) values (129,1,1,13,6,1,'good')
insert into ScoreBoard (id,room,committee,topic,examiner,score,comment) values (130,1,1,14,6,1,'good')
insert into ScoreBoard (id,room,committee,topic,examiner,score,comment) values (131,1,1,15,6,1,'good')
insert into ScoreBoard (id,room,committee,topic,examiner,score,comment) values (132,1,1,16,6,1,'good')
insert into ScoreBoard (id,room,committee,topic,examiner,score,comment) values (133,1,1,17,6,1,'good')
insert into ScoreBoard (id,room,committee,topic,examiner,score,comment) values (134,1,1,18,6,1,'good')
insert into ScoreBoard (id,room,committee,topic,examiner,score,comment) values (135,1,1,19,6,1,'good')
insert into ScoreBoard (id,room,committee,topic,examiner,score,comment) values (136,1,1,20,6,1,'good')
insert into ScoreBoard (id,room,committee,topic,examiner,score,comment) values (137,1,1,21,6,1,'good')
insert into ScoreBoard (id,room,committee,topic,examiner,score,comment) values (138,1,1,22,6,1,'good')
insert into ScoreBoard (id,room,committee,topic,examiner,score,comment) values (139,1,1,23,6,1,'good')
insert into ScoreBoard (id,room,committee,topic,examiner,score,comment) values (140,1,1,24,6,1,'good')
insert into ScoreBoard (id,room,committee,topic,examiner,score,comment) values (141,1,1,25,6,1,'good')
insert into ScoreBoard (id,room,committee,topic,examiner,score,comment) values (142,1,1,26,6,1,'good')
insert into ScoreBoard (id,room,committee,topic,examiner,score,comment) values (143,1,1,27,6,1,'good')
insert into ScoreBoard (id,room,committee,topic,examiner,score,comment) values (144,1,1,28,6,1,'good')
insert into ScoreBoard (id,room,committee,topic,examiner,score,comment) values (145,1,1,29,6,1,'good')
insert into ScoreBoard (id,room,committee,topic,examiner,score,comment) values (146,1,1,30,6,1,'good')
insert into ScoreBoard (id,room,committee,topic,examiner,score,comment) values (147,1,1,31,6,1,'good')
insert into ScoreBoard (id,room,committee,topic,examiner,score,comment) values (148,1,1,32,6,1,'good')
insert into ScoreBoard (id,room,committee,topic,examiner,score,comment) values (149,1,1,33,6,1,'good')
insert into ScoreBoard (id,room,committee,topic,examiner,score,comment) values (150,1,1,34,6,1,'good')
insert into ScoreBoard (id,room,committee,topic,examiner,score,comment) values (151,1,1,35,6,1,'good')
insert into ScoreBoard (id,room,committee,topic,examiner,score,comment) values (152,1,1,36,6,1,'good')
insert into ScoreBoard (id,room,committee,topic,examiner,score,comment) values (153,1,1,37,6,1,'good')
insert into ScoreBoard (id,room,committee,topic,examiner,score,comment) values (154,1,1,38,6,1,'good')
insert into ScoreBoard (id,room,committee,topic,examiner,score,comment) values (155,1,1,39,6,1,'good')
insert into ScoreBoard (id,room,committee,topic,examiner,score,comment) values (156,1,1,40,6,1,'good')
insert into ScoreBoard (id,room,committee,topic,examiner,score,comment) values (157,1,1,41,6,1,'good')
insert into ScoreBoard (id,room,committee,topic,examiner,score,comment) values (158,1,1,42,6,1,'good')
insert into ScoreBoard (id,room,committee,topic,examiner,score,comment) values (159,1,1,43,6,1,'good')
insert into ScoreBoard (id,room,committee,topic,examiner,score,comment) values (160,1,1,44,6,1,'good')
insert into ScoreBoard (id,room,committee,topic,examiner,score,comment) values (161,1,1,45,6,1,'good')
insert into ScoreBoard (id,room,committee,topic,examiner,score,comment) values (162,1,1,46,6,1,'good')
insert into ScoreBoard (id,room,committee,topic,examiner,score,comment) values (163,1,1,47,6,1,'good')
insert into ScoreBoard (id,room,committee,topic,examiner,score,comment) values (164,1,1,48,6,1,'good')
insert into ScoreBoard (id,room,committee,topic,examiner,score,comment) values (165,1,1,49,6,1,'good')
insert into ScoreBoard (id,room,committee,topic,examiner,score,comment) values (166,1,1,50,6,1,'good')
insert into ScoreBoard (id,room,committee,topic,examiner,score,comment) values (167,1,1,51,6,1,'good')
insert into ScoreBoard (id,room,committee,topic,examiner,score,comment) values (168,1,1,52,6,1,'good')
insert into ScoreBoard (id,room,committee,topic,examiner,score,comment) values (169,1,1,53,6,1,'good')
insert into ScoreBoard (id,room,committee,topic,examiner,score,comment) values (170,1,1,54,6,1,'good')
insert into ScoreBoard (id,room,committee,topic,examiner,score,comment) values (171,1,1,55,6,1,'good')
insert into ScoreBoard (id,room,committee,topic,examiner,score,comment) values (172,1,1,56,6,1,'good')
insert into ScoreBoard (id,room,committee,topic,examiner,score,comment) values (173,1,1,57,6,1,'good')
insert into ScoreBoard (id,room,committee,topic,examiner,score,comment) values (174,1,1,58,6,1,'good')